Instruction,Input,Output
상품이 불량이에요. 교환해주세요.,주문번호: 123456,불편을 드려 죄송합니다. 주문번호 123456 확인 후 빠르게 교환 도와드리겠습니다. 조금만 기다려 주세요!
배송이 너무 늦어요! 언제 오나요?,주문번호: 789012,"배송이 지연되어 죄송합니다. 주문번호 789012를 확인해 보니 현재 배송 중이며, 예상 도착일은 내일입니다!"
환불해 주세요. 제품이 마음에 안 들어요.,주문번호: 345678,"고객님, 만족스럽지 못하셨다니 죄송합니다. 주문번호 345678 확인 후 환불 절차를 안내해 드리겠습니다."
앱에서 결제가 안 돼요. 계속 오류가 나요.,결제 오류 메시지: '승인 실패',"불편을 드려 죄송합니다. 오류 메시지를 확인해 보니 승인 과정에서 문제가 발생한 것 같습니다. 다른 결제 수단을 이용해 보시거나, 추가 지원이 필요하시면 알려 주세요!"
회원 탈퇴하고 싶어요.,아이디: user1234,"정말 아쉽습니다. 고객님의 의견을 반영하여 더 나은 서비스를 제공하도록 하겠습니다. 회원 탈퇴는 설정에서 직접 하실 수 있으며, 추가 문의가 있으시면 도와드리겠습니다."
상품이 파손되어 도착했어요.,주문번호: 976816,이용하시는데 불편을 드려 죄송합니다. 고객님의 의견을 반영하여 빠르게 조치하겠습니다.
재고 있다고 해서 주문했는데 품절이라고 하네요.,주문번호: 492202,이용하시는데 불편을 드려 죄송합니다. 고객님의 의견을 반영하여 빠르게 조치하겠습니다.
사이즈가 달라요.,주문번호: 585639,불편을 끼쳐드려 정말 죄송합니다. 고객님의 만족을 위해 신속히 대응하겠습니다.
주문이 자동으로 취소되었어요.,주문번호: 624343,걱정하지 마세요! 바로 확인하여 도와드리겠습니다. 불편을 드려 죄송합니다.
재고 있다고 해서 주문했는데 품절이라고 하네요.,주문번호: 916986,"문제를 접수하였으며, 빠르게 해결하도록 하겠습니다. 죄송합니다."
포장이 너무 허술해서 제품이 손상되었습니다.,주문번호: 270812,"문제를 접수하였으며, 빠르게 해결하도록 하겠습니다. 죄송합니다."
환불 요청했는데 아직 처리가 안 됐어요.,주문번호: 558891,"문제를 접수하였으며, 빠르게 해결하도록 하겠습니다. 죄송합니다."
고객센터 연결이 안 돼요.,주문번호: 595823,해당 건에 대해 최선을 다해 도와드리겠습니다. 불편을 드려 죄송합니다.
결제 후 주문 내역이 사라졌어요.,주문번호: 899463,바로 확인 후 해결 방법을 안내해드리겠습니다. 불편을 드려 죄송합니다.
상품이 사용한 흔적이 있어요.,주문번호: 689614,불편을 끼쳐 드려 정말 죄송합니다. 신속한 해결을 위해 최선을 다하겠습니다.
환불 요청했는데 아직 처리가 안 됐어요.,주문번호: 744323,걱정하지 마세요! 바로 확인하여 도와드리겠습니다. 불편을 드려 죄송합니다.
반품 신청했는데 처리가 안 되고 있어요.,주문번호: 740052,해당 건에 대해 최선을 다해 도와드리겠습니다. 불편을 드려 죄송합니다.
결제 후 주문 내역이 사라졌어요.,주문번호: 829683,바로 확인 후 해결 방법을 안내해드리겠습니다. 불편을 드려 죄송합니다.
멤버십 혜택이 적용되지 않아요.,주문번호: 690346,이런 일이 발생하여 정말 죄송합니다. 해당 사항을 확인 후 최선을 다해 해결해 드리겠습니다.
배송 추적이 안 됩니다.,주문번호: 321258,서비스 이용에 불편을 드려 정말 죄송합니다. 최대한 빠르게 도와드리겠습니다.
재고 있다고 해서 주문했는데 품절이라고 하네요.,주문번호: 154910,문제를 바로 해결할 수 있도록 도와드리겠습니다. 다시 한번 사과드립니다.
배송이 너무 오래 걸려요.,주문번호: 590547,이런 문제가 발생하여 정말 죄송합니다. 해결 방법을 찾아 안내드리겠습니다.
주문이 자동으로 취소되었어요.,주문번호: 555593,불편을 드려 죄송합니다. 바로 확인하고 해결 방안을 안내해드리겠습니다.
재고 있다고 해서 주문했는데 품절이라고 하네요.,주문번호: 148412,이런 일이 발생하여 정말 죄송합니다. 해당 사항을 확인 후 최선을 다해 해결해 드리겠습니다.
환불 요청했는데 아직 처리가 안 됐어요.,주문번호: 191687,불편을 끼쳐드려 정말 죄송합니다. 고객님의 만족을 위해 신속히 대응하겠습니다.
배송이 엉뚱한 곳으로 갔어요.,주문번호: 152998,바로 확인 후 해결 방법을 안내해드리겠습니다. 불편을 드려 죄송합니다.
상품이 파손되어 도착했어요.,주문번호: 737776,확인 후 빠르게 처리해드리겠습니다. 이용에 불편을 드려 죄송합니다.
상품이 사용한 흔적이 있어요.,주문번호: 736022,문제를 바로 해결할 수 있도록 도와드리겠습니다. 다시 한번 사과드립니다.
포장이 너무 허술해서 제품이 손상되었습니다.,주문번호: 711094,"고객님, 이런 일이 발생하지 않도록 개선하겠습니다. 바로 해결 도와드릴게요."
재고 있다고 해서 주문했는데 품절이라고 하네요.,주문번호: 670700,불편을 끼쳐드려 죄송합니다. 해당 문제를 빠르게 해결해드리겠습니다.
사이즈가 달라요.,주문번호: 202292,"고객님, 이용에 불편을 드려 정말 죄송합니다. 확인 후 조속히 조치하겠습니다."
앱이 계속 오류가 나요.,주문번호: 924384,죄송합니다. 문제 해결을 위해 신속히 도와드리겠습니다. 조금만 기다려 주세요.
배송이 엉뚱한 곳으로 갔어요.,주문번호: 406527,죄송합니다. 문제 해결을 위해 신속히 도와드리겠습니다. 조금만 기다려 주세요.
상품이 사용한 흔적이 있어요.,주문번호: 644502,걱정하지 마세요! 바로 확인하여 도와드리겠습니다. 불편을 드려 죄송합니다.
재고 있다고 해서 주문했는데 품절이라고 하네요.,주문번호: 727207,이용하시는데 불편을 드려 죄송합니다. 고객님의 의견을 반영하여 빠르게 조치하겠습니다.
포장이 너무 허술해서 제품이 손상되었습니다.,주문번호: 851486,"문제를 접수하였으며, 빠르게 해결하도록 하겠습니다. 죄송합니다."
포장이 너무 허술해서 제품이 손상되었습니다.,주문번호: 621379,서비스 이용에 불편을 드려 정말 죄송합니다. 최대한 빠르게 도와드리겠습니다.
할인된 가격으로 결제되지 않았어요.,주문번호: 468971,해당 문제를 확인 후 신속히 처리하겠습니다. 다시 한번 사과드립니다.
주문이 자동으로 취소되었어요.,주문번호: 402978,확인 후 빠르게 처리해드리겠습니다. 이용에 불편을 드려 죄송합니다.
배송이 너무 오래 걸려요.,주문번호: 958307,불편을 드려 죄송합니다. 바로 확인하고 해결 방안을 안내해드리겠습니다.
배송 추적이 안 됩니다.,주문번호: 447797,걱정하지 마세요! 바로 확인하여 도와드리겠습니다. 불편을 드려 죄송합니다.
배송이 엉뚱한 곳으로 갔어요.,주문번호: 214011,"문제를 접수하였으며, 빠르게 해결하도록 하겠습니다. 죄송합니다."
할인된 가격으로 결제되지 않았어요.,주문번호: 642982,이용하시는데 불편을 드려 죄송합니다. 고객님의 의견을 반영하여 빠르게 조치하겠습니다.
주문이 자동으로 취소되었어요.,주문번호: 500016,해당 건에 대해 최선을 다해 도와드리겠습니다. 불편을 드려 죄송합니다.
상품이 사용한 흔적이 있어요.,주문번호: 825935,이런 문제가 발생하여 정말 죄송합니다. 해결 방법을 찾아 안내드리겠습니다.
앱이 계속 오류가 나요.,주문번호: 572656,서비스 이용에 불편을 드려 정말 죄송합니다. 최대한 빠르게 도와드리겠습니다.
주문이 자동으로 취소되었어요.,주문번호: 398557,이런 문제가 발생하여 정말 죄송합니다. 해결 방법을 찾아 안내드리겠습니다.
멤버십 혜택이 적용되지 않아요.,주문번호: 819275,이용하시는데 불편을 드려 죄송합니다. 고객님의 의견을 반영하여 빠르게 조치하겠습니다.
사이즈가 달라요.,주문번호: 129253,바로 확인 후 해결 방법을 안내해드리겠습니다. 불편을 드려 죄송합니다.
주문이 자동으로 취소되었어요.,주문번호: 866064,문제를 바로 해결할 수 있도록 도와드리겠습니다. 다시 한번 사과드립니다.
주문한 상품이 누락되었어요.,주문번호: 731169,걱정하지 마세요! 바로 확인하여 조치하겠습니다. 불편을 드려 죄송합니다.
결제 후 주문 내역이 사라졌어요.,주문번호: 647311,해당 건에 대해 최선을 다해 도와드리겠습니다. 불편을 드려 죄송합니다.
사이즈가 달라요.,주문번호: 240776,확인 후 빠르게 처리해드리겠습니다. 이용에 불편을 드려 죄송합니다.
상품이 설명과 다릅니다.,주문번호: 848589,해당 문제를 확인 후 신속히 처리하겠습니다. 다시 한번 사과드립니다.
멤버십 혜택이 적용되지 않아요.,주문번호: 110020,해당 문제를 확인 후 신속히 처리하겠습니다. 다시 한번 사과드립니다.
상품이 파손되어 도착했어요.,주문번호: 899084,이런 문제가 발생하여 정말 죄송합니다. 해결 방법을 찾아 안내드리겠습니다.
상품이 파손되어 도착했어요.,주문번호: 129016,"문제를 접수하였으며, 빠르게 해결하도록 하겠습니다. 죄송합니다."
배송 추적이 안 됩니다.,주문번호: 266287,걱정하지 마세요! 바로 확인하여 조치하겠습니다. 불편을 드려 죄송합니다.
할인된 가격으로 결제되지 않았어요.,주문번호: 721020,해당 문제를 확인 후 신속히 처리하겠습니다. 다시 한번 사과드립니다.
이전보다 품질이 떨어졌어요.,주문번호: 276938,이런 문제가 발생하여 정말 죄송합니다. 해결 방법을 찾아 안내드리겠습니다.
배송이 너무 오래 걸려요.,주문번호: 331657,문제를 바로 해결할 수 있도록 도와드리겠습니다. 다시 한번 사과드립니다.
포장이 너무 허술해서 제품이 손상되었습니다.,주문번호: 681292,서비스 이용에 불편을 드려 정말 죄송합니다. 최대한 빠르게 도와드리겠습니다.
상품이 파손되어 도착했어요.,주문번호: 258835,걱정하지 마세요! 바로 확인하여 도와드리겠습니다. 불편을 드려 죄송합니다.
상품이 설명과 다릅니다.,주문번호: 502625,서비스 이용에 불편을 드려 정말 죄송합니다. 최대한 빠르게 도와드리겠습니다.
포장이 너무 허술해서 제품이 손상되었습니다.,주문번호: 706311,문제를 바로 해결할 수 있도록 도와드리겠습니다. 다시 한번 사과드립니다.
상품이 설명과 다릅니다.,주문번호: 683709,"고객님, 이런 일이 발생하지 않도록 개선하겠습니다. 바로 해결 도와드릴게요."
환불 요청했는데 아직 처리가 안 됐어요.,주문번호: 297783,이런 문제가 발생하여 정말 죄송합니다. 해결 방법을 찾아 안내드리겠습니다.
상품이 사용한 흔적이 있어요.,주문번호: 347340,바로 확인 후 해결 방법을 안내해드리겠습니다. 불편을 드려 죄송합니다.
상품이 사용한 흔적이 있어요.,주문번호: 602598,불편을 끼쳐드려 죄송합니다. 해당 문제를 빠르게 해결해드리겠습니다.
고객센터 연결이 안 돼요.,주문번호: 283979,해당 문제를 확인 후 신속히 처리하겠습니다. 다시 한번 사과드립니다.
할인된 가격으로 결제되지 않았어요.,주문번호: 652990,불편을 끼쳐드려 죄송합니다. 해당 문제를 빠르게 해결해드리겠습니다.
멤버십 혜택이 적용되지 않아요.,주문번호: 949174,"고객님, 이런 일이 발생하지 않도록 개선하겠습니다. 바로 해결 도와드릴게요."
상품이 사용한 흔적이 있어요.,주문번호: 744283,이용하시는데 불편을 드려 죄송합니다. 고객님의 의견을 반영하여 빠르게 조치하겠습니다.
상품이 설명과 다릅니다.,주문번호: 919333,걱정하지 마세요! 바로 확인하여 도와드리겠습니다. 불편을 드려 죄송합니다.
사이즈가 달라요.,주문번호: 462089,"고객님, 이용에 불편을 드려 정말 죄송합니다. 확인 후 조속히 조치하겠습니다."
포장이 너무 허술해서 제품이 손상되었습니다.,주문번호: 378943,이용하시는데 불편을 드려 죄송합니다. 고객님의 의견을 반영하여 빠르게 조치하겠습니다.
이전보다 품질이 떨어졌어요.,주문번호: 241654,걱정하지 마세요! 바로 확인하여 조치하겠습니다. 불편을 드려 죄송합니다.
쿠폰 적용이 안 돼요.,주문번호: 888469,"고객님, 이용에 불편을 드려 정말 죄송합니다. 확인 후 조속히 조치하겠습니다."
반품 신청했는데 처리가 안 되고 있어요.,주문번호: 508401,이런 문제가 발생하여 정말 죄송합니다. 해결 방법을 찾아 안내드리겠습니다.
앱이 계속 오류가 나요.,주문번호: 151189,신속히 확인 후 안내드리겠습니다. 다시는 이런 일이 없도록 노력하겠습니다.
포장이 너무 허술해서 제품이 손상되었습니다.,주문번호: 848058,불편을 끼쳐드려 죄송합니다. 해당 문제를 빠르게 해결해드리겠습니다.
배송이 엉뚱한 곳으로 갔어요.,주문번호: 681474,확인 후 빠르게 처리해드리겠습니다. 이용에 불편을 드려 죄송합니다.
포장이 너무 허술해서 제품이 손상되었습니다.,주문번호: 634641,불편을 끼쳐드려 정말 죄송합니다. 고객님의 만족을 위해 신속히 대응하겠습니다.
포장이 너무 허술해서 제품이 손상되었습니다.,주문번호: 914097,해당 건에 대해 최선을 다해 도와드리겠습니다. 불편을 드려 죄송합니다.
쿠폰 적용이 안 돼요.,주문번호: 494148,서비스 이용에 불편을 드려 정말 죄송합니다. 최대한 빠르게 도와드리겠습니다.
상품이 파손되어 도착했어요.,주문번호: 409185,신속히 확인 후 안내드리겠습니다. 다시는 이런 일이 없도록 노력하겠습니다.
결제 후 주문 내역이 사라졌어요.,주문번호: 935064,"고객님, 이용에 불편을 드려 정말 죄송합니다. 확인 후 조속히 조치하겠습니다."
주문한 상품이 누락되었어요.,주문번호: 526305,"고객님, 이런 일이 발생하지 않도록 개선하겠습니다. 바로 해결 도와드릴게요."
결제 후 주문 내역이 사라졌어요.,주문번호: 654340,불편을 끼쳐 드려 정말 죄송합니다. 신속한 해결을 위해 최선을 다하겠습니다.
배송이 너무 오래 걸려요.,주문번호: 390094,죄송합니다. 문제 해결을 위해 신속히 도와드리겠습니다. 조금만 기다려 주세요.
쿠폰 적용이 안 돼요.,주문번호: 308112,걱정하지 마세요! 바로 확인하여 도와드리겠습니다. 불편을 드려 죄송합니다.
배송 추적이 안 됩니다.,주문번호: 725189,이용하시는데 불편을 드려 죄송합니다. 고객님의 의견을 반영하여 빠르게 조치하겠습니다.
쿠폰 적용이 안 돼요.,주문번호: 667290,불편을 끼쳐드려 죄송합니다. 해당 문제를 빠르게 해결해드리겠습니다.
배송이 엉뚱한 곳으로 갔어요.,주문번호: 803482,이런 문제가 발생하여 정말 죄송합니다. 해결 방법을 찾아 안내드리겠습니다.
쿠폰 적용이 안 돼요.,주문번호: 474437,이용하시는데 불편을 드려 죄송합니다. 고객님의 의견을 반영하여 빠르게 조치하겠습니다.
배송 추적이 안 됩니다.,주문번호: 894694,이런 일이 발생하여 정말 죄송합니다. 해당 사항을 확인 후 최선을 다해 해결해 드리겠습니다.
배송이 엉뚱한 곳으로 갔어요.,주문번호: 402254,죄송합니다. 문제 해결을 위해 신속히 도와드리겠습니다. 조금만 기다려 주세요.
주문한 상품이 누락되었어요.,주문번호: 209479,"고객님, 이용에 불편을 드려 정말 죄송합니다. 확인 후 조속히 조치하겠습니다."
주문이 자동으로 취소되었어요.,주문번호: 749559,불편을 끼쳐드려 죄송합니다. 해당 문제를 빠르게 해결해드리겠습니다.
쿠폰 적용이 안 돼요.,주문번호: 752677,이런 문제가 발생하여 정말 죄송합니다. 해결 방법을 찾아 안내드리겠습니다.
고객센터 연결이 안 돼요.,주문번호: 434329,이런 일이 발생하여 정말 죄송합니다. 해당 사항을 확인 후 최선을 다해 해결해 드리겠습니다.
이전보다 품질이 떨어졌어요.,주문번호: 926602,이용하시는데 불편을 드려 죄송합니다. 고객님의 의견을 반영하여 빠르게 조치하겠습니다.
포장이 너무 허술해서 제품이 손상되었습니다.,주문번호: 624972,불편을 끼쳐드려 정말 죄송합니다. 고객님의 만족을 위해 신속히 대응하겠습니다.
재고 있다고 해서 주문했는데 품절이라고 하네요.,주문번호: 352162,걱정하지 마세요! 바로 확인하여 도와드리겠습니다. 불편을 드려 죄송합니다.
고객센터 연결이 안 돼요.,주문번호: 208561,이용하시는데 불편을 드려 죄송합니다. 고객님의 의견을 반영하여 빠르게 조치하겠습니다.
